{
  "p1_acc": [
    0.3869399130344391,
    0.6332927942276001,
    0.699027419090271,
    0.7329801917076111,
    0.7555574774742126
  ],
  "p1_val_acc": [
    0.6624494194984436,
    0.7120445370674133,
    0.7186234593391418,
    0.7226720452308655,
    0.7449392676353455
  ],
  "p1_loss": [
    2.58770751953125,
    1.3363022804260254,
    1.075616478919983,
    0.918644368648529,
    0.84309321641922
  ],
  "p1_val_loss": [
    1.2427575588226318,
    1.0095351934432983,
    0.973177433013916,
    0.9660252332687378,
    0.8937172889709473
  ],
  "p2_acc": [
    0.6574331521987915,
    0.6974644064903259,
    0.7139632105827332,
    0.7345432639122009,
    0.7455713748931885,
    0.754254937171936,
    0.7714484333992004,
    0.7651962637901306,
    0.7806529998779297,
    0.7885550260543823
  ],
  "p2_val_acc": [
    0.7307692170143127,
    0.7292510271072388,
    0.7348178029060364,
    0.7429149746894836,
    0.7489878535270691,
    0.7525303363800049,
    0.7586032152175903,
    0.7596153616905212,
    0.7621457576751709,
    0.7677125334739685
  ],
  "p2_loss": [
    1.2225816249847412,
    1.080626130104065,
    1.0006085634231567,
    0.9386289715766907,
    0.8711509108543396,
    0.8369173407554626,
    0.7869552373886108,
    0.7954163551330566,
    0.7399782538414001,
    0.7205111384391785
  ],
  "p2_val_loss": [
    0.9472944736480713,
    0.9549797773361206,
    0.9171178340911865,
    0.8885324597358704,
    0.8593035936355591,
    0.8454799056053162,
    0.8284633159637451,
    0.8199616074562073,
    0.8133281469345093,
    0.8118063807487488
  ]
}